AB Actor Overlap,AB Relationship Overlap,Unique A Actors,Unique B Actors,Unique A Relationships,Unique B Relationships
Geno Brant,"('John Hanger', 'Josh Fox')",,,,
Joseph Golombek,"('Leonard Pero', 'Scott Perry')",,,,
John Hanger,"('John Hanger', 'Leonard Pero')",,,,
Joseph Ostrowski,"('Douglas Walch', 'Albert Brown')",,,,
Natalie Brant,"('Geno Brant', 'Demyan Muchnik')",,,,
Scott Zimmerman,"('John Hanger', 'Andrew Cuomo')",,,,
William Trask,"('Douglas Walch', 'Andrew Cuomo')",,,,
Daniel Kujawinski,"('Geno Brant', 'Scott Perry')",,,,
Scott Perry,"('Geno Brant', 'Douglas Walch')",,,,
Gary Lash,"('Gary Lash', 'Dawn McCaslin')",,,,
Sarah Buckley,"('Scott Perry', 'Douglas Walch')",,,,
Douglas Walch,"('Geno Brant', 'Joseph Ostrowski')",,,,
Leonard Pero,"('Joseph Golombek', 'John Hanger')",,,,
Andrew Cuomo,"('Leonard Pero', 'Douglas Walch')",,,,
Demyan Muchnik,"('Gary Brecker', 'Richard Lippes')",,,,
Gary Brecker,"('Josh Fox', 'Richard Lippes')",,,,
Josh Fox,"('Joseph Ostrowski', 'Demyan Muchnik')",,,,
Richard Lippes,"('Joseph Golombek', 'Scott Zimmerman')",,,,
Albert Brown,"('William Trask', 'Gary Lash')",,,,
Dawn McCaslin,"('William Trask', 'Richard Lippes')",,,,
,"('Joseph Ostrowski', 'Gary Brecker')",,,,
,"('Scott Zimmerman', 'Natalie Brant')",,,,
,"('John Hanger', 'Richard Lippes')",,,,
,"('Daniel Kujawinski', 'Natalie Brant')",,,,
,"('Daniel Kujawinski', 'Demyan Muchnik')",,,,
,"('John Hanger', 'Demyan Muchnik')",,,,
,"('Natalie Brant', 'Albert Brown')",,,,
,"('Geno Brant', 'Leonard Pero')",,,,
,"('John Hanger', 'Douglas Walch')",,,,
,"('Joseph Ostrowski', 'Natalie Brant')",,,,
,"('Gary Lash', 'Richard Lippes')",,,,
,"('Demyan Muchnik', 'Josh Fox')",,,,
,"('Scott Perry', 'Andrew Cuomo')",,,,
,"('Joseph Golombek', 'Josh Fox')",,,,
,"('Leonard Pero', 'Albert Brown')",,,,
,"('Joseph Golombek', 'Gary Brecker')",,,,
,"('Leonard Pero', 'Dawn McCaslin')",,,,
,"('Gary Lash', 'Josh Fox')",,,,
,"('Scott Perry', 'Albert Brown')",,,,
,"('Daniel Kujawinski', 'Scott Perry')",,,,
,"('Scott Zimmerman', 'Josh Fox')",,,,
,"('John Hanger', 'Albert Brown')",,,,
,"('Gary Brecker', 'Josh Fox')",,,,
,"('Joseph Ostrowski', 'Scott Perry')",,,,
,"('Daniel Kujawinski', 'William Trask')",,,,
,"('Andrew Cuomo', 'Richard Lippes')",,,,
,"('Sarah Buckley', 'Natalie Brant')",,,,
,"('John Hanger', 'William Trask')",,,,
,"('Sarah Buckley', 'Dawn McCaslin')",,,,
,"('Scott Zimmerman', 'Demyan Muchnik')",,,,
,"('Demyan Muchnik', 'Dawn McCaslin')",,,,
,"('Geno Brant', 'Joseph Golombek')",,,,
,"('Leonard Pero', 'Gary Lash')",,,,
,"('Joseph Golombek', 'Sarah Buckley')",,,,
,"('Scott Perry', 'Gary Lash')",,,,
,"('Scott Perry', 'Demyan Muchnik')",,,,
,"('Geno Brant', 'Gary Lash')",,,,
,"('Joseph Ostrowski', 'Sarah Buckley')",,,,
,"('Gary Lash', 'Douglas Walch')",,,,
,"('Leonard Pero', 'Demyan Muchnik')",,,,
,"('Douglas Walch', 'Richard Lippes')",,,,
,"('Joseph Golombek', 'Richard Lippes')",,,,
,"('Geno Brant', 'Andrew Cuomo')",,,,
,"('Gary Brecker', 'Natalie Brant')",,,,
,"('Geno Brant', 'William Trask')",,,,
,"('Daniel Kujawinski', 'Albert Brown')",,,,
,"('Geno Brant', 'Natalie Brant')",,,,
,"('John Hanger', 'Gary Brecker')",,,,
,"('Gary Lash', 'Andrew Cuomo')",,,,
,"('Scott Zimmerman', 'William Trask')",,,,
,"('Joseph Golombek', 'Dawn McCaslin')",,,,
,"('John Hanger', 'Sarah Buckley')",,,,
,"('William Trask', 'Douglas Walch')",,,,
,"('Daniel Kujawinski', 'Andrew Cuomo')",,,,
,"('Joseph Golombek', 'Douglas Walch')",,,,
,"('Scott Perry', 'Josh Fox')",,,,
,"('Gary Lash', 'Albert Brown')",,,,
,"('Sarah Buckley', 'Richard Lippes')",,,,
,"('Joseph Golombek', 'Joseph Ostrowski')",,,,
,"('Leonard Pero', 'William Trask')",,,,
,"('Geno Brant', 'John Hanger')",,,,
,"('Joseph Golombek', 'Daniel Kujawinski')",,,,
,"('Joseph Golombek', 'Leonard Pero')",,,,
,"('Leonard Pero', 'Richard Lippes')",,,,
,"('Gary Brecker', 'Daniel Kujawinski')",,,,
,"('Joseph Ostrowski', 'Daniel Kujawinski')",,,,
,"('Andrew Cuomo', 'Natalie Brant')",,,,
,"('John Hanger', 'Natalie Brant')",,,,
,"('William Trask', 'Demyan Muchnik')",,,,
,"('Natalie Brant', 'Dawn McCaslin')",,,,
,"('John Hanger', 'Scott Zimmerman')",,,,
,"('Sarah Buckley', 'Albert Brown')",,,,
,"('Joseph Ostrowski', 'Dawn McCaslin')",,,,
,"('Geno Brant', 'Scott Zimmerman')",,,,
,"('Joseph Ostrowski', 'Scott Zimmerman')",,,,
,"('Geno Brant', 'Sarah Buckley')",,,,
,"('Gary Lash', 'Demyan Muchnik')",,,,
,"('Scott Zimmerman', 'Gary Lash')",,,,
,"('John Hanger', 'Joseph Ostrowski')",,,,
,"('Sarah Buckley', 'Andrew Cuomo')",,,,
,"('Scott Zimmerman', 'Daniel Kujawinski')",,,,
,"('Joseph Ostrowski', 'Richard Lippes')",,,,
,"('Scott Perry', 'Sarah Buckley')",,,,
,"('Andrew Cuomo', 'Josh Fox')",,,,
,"('Joseph Ostrowski', 'Douglas Walch')",,,,
,"('Gary Brecker', 'Albert Brown')",,,,
,"('Natalie Brant', 'Richard Lippes')",,,,
,"('Daniel Kujawinski', 'Josh Fox')",,,,
,"('Gary Brecker', 'Dawn McCaslin')",,,,
,"('John Hanger', 'Dawn McCaslin')",,,,
,"('Daniel Kujawinski', 'Richard Lippes')",,,,
,"('William Trask', 'Josh Fox')",,,,
,"('Geno Brant', 'Dawn McCaslin')",,,,
,"('Geno Brant', 'Albert Brown')",,,,
,"('Joseph Ostrowski', 'Josh Fox')",,,,
,"('Gary Brecker', 'Douglas Walch')",,,,
,"('Demyan Muchnik', 'Natalie Brant')",,,,
,"('William Trask', 'Andrew Cuomo')",,,,
,"('Gary Brecker', 'Demyan Muchnik')",,,,
,"('Leonard Pero', 'Sarah Buckley')",,,,
,"('Joseph Golombek', 'Demyan Muchnik')",,,,
,"('Joseph Golombek', 'Scott Perry')",,,,
,"('Leonard Pero', 'Andrew Cuomo')",,,,
,"('Gary Lash', 'Natalie Brant')",,,,
,"('Gary Brecker', 'Scott Perry')",,,,
,"('Gary Brecker', 'Sarah Buckley')",,,,
,"('Geno Brant', 'Richard Lippes')",,,,
,"('Demyan Muchnik', 'Andrew Cuomo')",,,,
,"('Geno Brant', 'Gary Brecker')",,,,
,"('Sarah Buckley', 'Josh Fox')",,,,
,"('John Hanger', 'Gary Lash')",,,,
,"('Leonard Pero', 'Josh Fox')",,,,
,"('Daniel Kujawinski', 'Gary Lash')",,,,
,"('Andrew Cuomo', 'Albert Brown')",,,,
,"('Josh Fox', 'Dawn McCaslin')",,,,
,"('John Hanger', 'Daniel Kujawinski')",,,,
,"('William Trask', 'Natalie Brant')",,,,
,"('Albert Brown', 'Dawn McCaslin')",,,,
,"('Scott Zimmerman', 'Albert Brown')",,,,
,"('Sarah Buckley', 'Demyan Muchnik')",,,,
,"('Joseph Golombek', 'Natalie Brant')",,,,
,"('Josh Fox', 'Albert Brown')",,,,
,"('Scott Perry', 'William Trask')",,,,
,"('Joseph Ostrowski', 'William Trask')",,,,
,"('Daniel Kujawinski', 'Sarah Buckley')",,,,
,"('Gary Brecker', 'William Trask')",,,,
,"('William Trask', 'Sarah Buckley')",,,,
,"('Gary Brecker', 'Andrew Cuomo')",,,,
,"('Leonard Pero', 'Daniel Kujawinski')",,,,
,"('Scott Zimmerman', 'Andrew Cuomo')",,,,
,"('Scott Perry', 'Dawn McCaslin')",,,,
,"('Joseph Golombek', 'William Trask')",,,,
,"('Leonard Pero', 'Scott Zimmerman')",,,,
,"('Scott Zimmerman', 'Scott Perry')",,,,
,"('Geno Brant', 'Daniel Kujawinski')",,,,
,"('Leonard Pero', 'Gary Brecker')",,,,
,"('Richard Lippes', 'Albert Brown')",,,,
,"('Gary Lash', 'Sarah Buckley')",,,,
,"('Scott Zimmerman', 'Dawn McCaslin')",,,,
,"('Richard Lippes', 'Dawn McCaslin')",,,,
,"('Douglas Walch', 'Dawn McCaslin')",,,,
,"('Natalie Brant', 'Josh Fox')",,,,
,"('Scott Zimmerman', 'Sarah Buckley')",,,,
,"('Daniel Kujawinski', 'Douglas Walch')",,,,
,"('Joseph Ostrowski', 'Albert Brown')",,,,
,"('Demyan Muchnik', 'Albert Brown')",,,,
,"('Scott Perry', 'Richard Lippes')",,,,
,"('Douglas Walch', 'Demyan Muchnik')",,,,
,"('Geno Brant', 'Josh Fox')",,,,
,"('Leonard Pero', 'Natalie Brant')",,,,
,"('Joseph Golombek', 'Gary Lash')",,,,
,"('Scott Perry', 'Natalie Brant')",,,,
,"('Gary Brecker', 'Gary Lash')",,,,
,"('Joseph Ostrowski', 'Andrew Cuomo')",,,,
,"('Scott Zimmerman', 'Douglas Walch')",,,,
,"('Demyan Muchnik', 'Richard Lippes')",,,,
,"('John Hanger', 'Scott Perry')",,,,
,"('Scott Zimmerman', 'Richard Lippes')",,,,
,"('Joseph Golombek', 'Andrew Cuomo')",,,,
,"('Andrew Cuomo', 'Dawn McCaslin')",,,,
,"('Scott Zimmerman', 'Gary Brecker')",,,,
,"('Daniel Kujawinski', 'Dawn McCaslin')",,,,
,"('Douglas Walch', 'Josh Fox')",,,,
,"('Sarah Buckley', 'Douglas Walch')",,,,
,"('William Trask', 'Albert Brown')",,,,
,"('Joseph Ostrowski', 'Gary Lash')",,,,
,"('William Trask', 'Dawn McCaslin')",,,,
,"('Joseph Ostrowski', 'Leonard Pero')",,,,
,"('Joseph Golombek', 'Albert Brown')",,,,
,"('Douglas Walch', 'Natalie Brant')",,,,
